"cashtag","sentiment score","id"
"$COST","-0.283596","709723193125175300"
"$CTRP","0.352183","719529094652698600"
"$INTC","-0.026304","39048670"
"$PANW","0.204908","37048093"
"$JRCC","0.406874","6207860"
"$SBUX","0.39464","719911771625140200"
"$TSLA","-0.233943","719571433307955200"
"$MAR","0.322139","711874651043926000"
"$ABBV","0.202285","719559500852662300"
"$MS","-0.429728","709737853639663600"
"$BJRI","0.473568","30084443"
"$AAPL","0.261137","711948847971307500"
"$MCD","0.691688","710211237058093000"
"$GWPH","0.452809","709777793798656000"
"$QUNR","0.141212","719917003033681900"
"$ESI","0.352372","39047884"
"$TSLA","-0.169656","719590251891658800"
"$HYG","0.454833","32349177"
"$AMZN","0.356298","5933426"
"$MW","-0.487838","17892972"
"$MSTX","0.368146","22409313"
"$TSLA","-0.165149","719895099300139000"
"$FB","-0.0124366","719533378698100700"
"$DARA","0.0810979","11685342"
"$GS","-0.142388","38563467"
"$BAC","0.262298","8472562"
"$AMZN","-0.0322399","719796218071621600"
"$SPY","-0.43286","5866181"
"$DVAX","-0.170635","26553639"
"$ENDP","0.233013","719571926285312000"
"$VMW","0.38721","5453104"
"$FB","0.353422","708381004180795400"
"$BIDU","0.40055","5960481"
"$COST","0.315704","709780511200317400"
"$CPGX","0.452598","708355634857529300"
"$INTC","-0.320858","709741154393133000"
"$FB","0.244992","719515248571473900"
"$UNXL","0.281735","29666346"
"$AAPL","-0.27713","15981627"
"$ENDP","0.191667","719573068864032800"
"$VPRT","0.30238","5379023"
"$AMP","0.320463","710965451677827100"
"$AMRN","-0.114872","24697241"
"$GOOG","0.180076","5853626"
"$PLUG","0.0288727","34103560"
"$BBRY","-0.277638","29364798"
"$KGC","0.438053","15349675"
"$TWTR","0.322034","710475186353475600"
"$OGS","0.414094","719732320404709400"
"$AAPL","-0.168281","35980487"
"$HYG","0.36653","710863854381563900"
"$USO","-0.0793215","719493174167625700"
"$AAPL","-0.314864","7867073"
"$RA","0.0723022","8562689"
"$INSY","0.109035","719538296204959700"
"$CSX","0.40604","719498634803458000"
"$FB","0.0927159","719524328363073500"
"$BBBY","-0.202986","27121711"
"$DB","0.0663464","719881403970818000"
"$INSY","-0.290215","719507659741872100"
"$JPM","0.550767","719535506980266000"
"$FB","0.454458","719881985909350400"
"$CROX","-0.0118417","24458298"
"$SCTY","0.166007","17782586"
"$AAPL","0.302695","5497092"
"$NTRS","-0.0528412","38224737"
"$VZ","-0.185384","36006797"
"$GOOGL","0.364519","719571596462133200"
"$SUNE","-0.144582","709411365299982300"
"$SBUX","-0.108928","719550842475393000"
"$KNDI","0.387383","23547862"
"$MSFT","0.537091","6178538"
"$SIRI","0.386941","719508310207111200"
"$NFLX","-0.378033","719535831040401400"
"$AAPL","0.0726325","30856626"
"$IMRS","0.173234","31132360"
"$ONTY","0.330548","37935490"
"$NFLX","0.465672","719532032305573900"
"$VNDA","0.244685","37892470"
"$DISCA","0.348338","719614954500857900"
"$PDCO","0.477374","708410688230842400"
"$GS","-0.0311408","17785769"
"$WM","0.362562","719551394798268400"
"$AAPL","0.275495","11875799"
"$BHP","0.0984429","5514207"
"$DIA","-0.288406","37450150"
"$DUST","-0.541742","719915914120921100"
"$EDU","-0.188456","9738169"
"$AAPL","0.0198516","8213941"
"$FB","-0.0767429","719861575759372300"
"$SNE","0.229078","31143613"
"$GOOG","0.375797","709176395461750800"
"$EUR","-0.41557","5835477"
"$MFLX","-0.326855","6445155"
"$FB","0.439339","719726286227132400"
"$AIS","0.15588","5784142"
"$VXX","0.0296013","31518357"
"$KBE","0.485838","5398884"
"$AAPL","0.183184","8351517"
"$GOOG","0.319301","719905344957222900"
"$NFLX","-0.000352482","719644552047362000"
"$AAPL","0.15816","33623906"
"$VZ","0.398699","719909604654624800"
"$TSLA","-0.321633","719582832541179900"
"$MAR","0.266428","719546315332546600"
"$ABC","0.298753","711113383341199400"
"$AAPL","-0.0782997","719493174167625700"
"$MNK","-0.344187","709834259687710700"
"$BBBY","0.224666","719528163596873700"
"$IFF","-0.0384572","29289791"
"$STLD","0.582217","37312789"
"$GILD","0.338292","36297090"
"$OIL","0.201555","5422915"
"$AAPL","0.154082","32728385"
"$WMT","-0.289686","709723193125175300"
"$SLV","0.254077","11204903"
"$AMZN","-0.265464","19607999"
"$FLT","-0.449665","709779449663721500"
"$UL","-0.433287","19388705"
"$BBRY","0.310147","12800394"
"$UUP","-0.170463","5526621"
"$AAPL","0.308423","11983857"
"$VG","-0.0027179","719644552047362000"
"$IWC","0.329469","7399381"
"$BEAT","-0.436019","20469877"
"$HD","-0.286001","709723193125175300"
"$TNA","0.328139","12196849"
"$SPY","0.0834758","9416020"
"$WMT","0.650113","9742736"
"$FB","0.331546","710525327072583700"
"$YHOO","0.26375","719587542337720300"
"$AMCN","0.377865","18567587"
"$FB","-0.126513","719525586863988700"
"$HITK","0.350307","5582309"
"$PPG","0.386635","9358281"
"$SPX","-0.180342","5419254"
"$OIL","-0.343961","29685449"
"$SPY","-0.379215","708375808793026600"
"$FB","-0.355518","22100916"
"$TSLA","0.195321","17454753"
"$FXE","-0.416684","719530996681568300"
"$TSLA","0.293651","719562665081737200"
"$NKE","0.407012","709776718026768400"
"$ROST","0.418503","719732320404709400"
"$SIRI","0.00667891","18183440"
"$CDTI","0.324806","21026010"
"$VRX","0.226883","709731726726193200"
"$FB","0.459633","719891468173844500"
"$WFC","0.322398","719599977480253400"
"$AMZN","0.405884","709787137881858000"
"$AIG","0.343058","719888646241955800"
"$FTNT","0.216129","37048093"
"$FB","0.299604","719576182941958100"
"$AAPL","-0.103156","13152807"
"$TSLA","0.222607","719520260181909500"
"$AAPL","-0.35791","719753696339472400"
"$SBUX","-0.104935","719872154641244200"
"$BITA","0.514122","709389876295110700"
"$CRM","0.37962","719849703106551800"
"$SBUX","0.307746","9162226"
"$RIMM","0.305822","5386257"
"$SPY","0.494634","719515579372077000"
"$TLT","0.385362","22780978"
"$UVXY","-0.00694846","11238707"
"$QQQ","0.381249","710158462253142000"
"$GOOGL","-0.184875","719616495962067000"
"$C","-0.000800018","719533378698100700"
"$ACAD","0.244021","8499556"
"$QJPN","0.496094","38895736"
"$WSM","0.451672","709777793798656000"
"$AAPL","-0.346569","13024560"
"$COST","0.374715","719506353421709300"
"$BB.CA","0.249122","35257107"
"$ARNA","0.427215","8260657"
"$ADBE","-0.190661","710827150266355700"
"$ASMB","-0.425101","39047349"
"$WFM","0.0291832","709765994416365600"
"$TSLA","-0.241275","719534447771697200"
"$AAPL","0.201209","709743356428025900"
"$CHMT","0.608723","10602596"
"$TSLA","-0.347562","719571428060766200"
"$ALR","-0.417848","39047349"
"$AAPL","-0.0298732","719796218071621600"
"$BAC","0.354623","10920221"
"$TSLA","-0.176946","710142505493405700"
"$SPLS","0.267366","14140852"
"$AAPL","-0.161637","6267912"
"$JD","0.139502","709973585226571800"
"$SPY","0.357746","5721348"
"$CHKP","0.379454","719849703106551800"
"$DNKN","0.527756","25571322"
"$FAST","0.43786","5441240"
"$VVUS","0.00500643","9982140"
"$TWTR","-0.407989","708406053973659600"
"$GOOG","0.331994","719693593066258400"
"$MVIS","0.0267369","5614354"
"$STX","0.320269","32427089"
"$IRE","0.0871579","15946770"
"$TSLA","0.00613628","709431643363213300"
"$YHOO","-0.30809","719535209423593500"
"$SPY","-0.226427","14655289"
"$PCLN","-0.31028","28061995"
"$LOCO","0.528683","25571322"
"$NIHD","0.0541101","7040295"
"$IBB","0.378648","24815315"
"$SH","-0.142448","709411365299982300"
"$SBUX","-0.0289036","719891971360165900"
"$AXP","0.68964","710211237058093000"
"$TSLA","-0.385804","21024991"
"$HAL","0.457646","32349177"
"$NBG","0.0683051","39048817"
"$AMBA","0.588231","34122674"
"$AAPL","0.075436","719615643918577700"
"$ADBE","-0.0430308","21174505"
"$AAPL","-0.187571","25032300"
"$ISRG","0.684397","708399906990329900"
"$TSLA","0.0226943","719572285170933800"
"$BITA","0.442849","32753195"
"$NFLX","-0.364147","5806487"
"$GOOG","0.304789","13088382"
"$DAL","0.0211364","719864087132442600"
"$FB","0.383998","709758795648409600"
"$INCY","0.125202","7737263"
"$UWTI","-0.09363","719493174167625700"
"$F","0.389177","19500150"
"$AAPL","-0.18977","10413981"
"$CTXS","0.116177","719467784007192600"
"$FB","0.246404","9999828"
"$SPY","0.0141112","719864087132442600"
"$MSFT","-0.238179","17610673"
"$GMCR","-0.0659568","5554666"
"$VXX","0.368633","710863854381563900"
"$DIS","0.548136","719535506980266000"
"$BBRY","-0.13471","38563467"
"$GD","0.489126","5795737"
"$AAPL","0.346234","14756968"
"$CSCO","0.40391","708416296665399300"
"$NFLX","-0.246695","710060125063614500"
"$FRS","0.340432","15928669"
"$CSCO","-0.245036","719661137411747800"
"$FB","-0.503405","719519136318169100"
"$V","0.0991356","17785769"
"$STX","0.452798","719720776027353100"
"$CTXS","0.459497","710532117164232700"
"$AAPL","-0.375094","12799689"
"$AAPL","0.211972","8123917"
"$GOOG","0.266913","709362616578154500"
"$SPY","0.218713","710822084579086300"
"$SID","-0.348909","709834259687710700"
"$NOK","0.169705","12790708"
"$SBUX","-0.396515","719873426136150000"
"$AMS","0.368423","719609967565803500"
"$KORS","-0.315132","8308437"
"$KGC","0.40825","24504842"
"$ZIOP","-0.251212","37340646"
"$YHOO","0.314978","719620962094870500"
"$EZPW","0.415555","7177668"
"$AAPL","0.36624","12732850"
"$AMZN","0.153802","719811329922625500"
"$TSLA","-0.225164","711712771675652100"
"$YHOO","0.31291","719634617465081900"
"$WMT","0.690415","710211237058093000"
"$AAL","0.227246","719937548668256300"
"$BRCM","0.345334","18038613"
"$SPY","-0.225289","9393661"
"$MSFT","0.233754","31143613"
"$JNPR","-0.256628","719661137411747800"
"$QCOR","0.385155","8746240"
"$SSO","0.228365","5512185"
"$HPJ","-0.447308","30741682"
"$LPTH","0.0115638","38028268"
"$BMRN","0.342659","709483088603119600"
"$HGSI","0.242317","6783339"
"$PVA","-0.293658","38793629"
"$FB","-0.162485","719486879842902000"
"$YHOO","-0.00083457","719644552047362000"
"$EWJ","0.20888","9182739"
"$CSCO","0.405272","24504842"
"$PBMD","0.332577","38240250"
"$FB","0.115062","719525463878557700"
"$W","-0.209162","719556016749330400"
"$DTV","0.329453","32427089"
"$HLF","-0.125857","11149717"
"$AAPL","0.107582","35559365"
"$EROS","0.214352","711910931937112000"
"$GILD","0.393376","719923191058210800"
"$HZNP","-0.356325","710187873492983800"
"$CTRP","0.524004","709398139195641900"
"$NEIK","0.149165","709765435546185700"
"$TXRH","0.349701","13286015"
"$BAC","0.367614","710863854381563900"
"$CO","0.426147","29679970"
"$WYNN","0.320875","39048791"
"$FB","0.178758","719884758520606700"
"$AAPL","0.326451","719534350509948900"
"$TSLA","0.137808","719725258480046100"
"$BMO","0.702897","6003051"
"$SPY","0.294441","27434594"
"$EEM","0.366436","710863854381563900"
"$MSFT","0.380256","710130452808536000"
"$PAY","0.267597","13277173"
"$FXI","0.0844397","5514207"
"$FB","-0.0857748","22167633"
"$CSOD","0.347991","25330712"
"$FIO","0.269854","6206304"
"$BIB","0.331721","711956003999211500"
"$AMZN","0.415119","710849407844028400"
"$NXPI","0.383854","719529978308603900"
"$AAPL","0.313198","6763560"
"$CAT","-0.286112","10103332"
"$RF","0.453245","709777793798656000"
"$YHOO","0.319075","719513471289860100"
"$NFLX","0.386522","710620435121971200"
"$HAL","-0.325821","29712507"
"$APP","0.249089","24229806"
"$GTAT","0.237562","27655637"
"$SBRY","0.317807","719563779378438100"
"$FB","0.229052","719535349379285000"
"$PLUG","-0.463362","26218325"
"$SPY","-0.294039","719519346557657100"
"$MSFT","-0.38651","21368480"
"$AAPL","0.376499","719500525914492900"
"$CALX","0.12566","7737263"
"$TSLA","0.270064","719532321855025200"
"$BAC","0.388935","18249994"
"$HRL","0.149944","23416197"
"$VIPS","-0.173863","26943825"
"$PYPL","-0.515399","719528681605959700"
"$SPPI","0.161646","7139227"
"$INO","-0.0772283","24458298"
"$EURUSD","0.326599","719478441544925200"
"$FCX","0.19044","29012822"
"$SBUX","0.388241","719523247604285400"
"$BBRY","0.323063","14695795"
"$HOT","0.367225","719597174946992100"
"$PYPL","0.427898","711946103189426200"
"$AAPL","-0.285012","7284904"
"$GS","0.0963663","6135022"
"$SPY","-0.37426","719535831040401400"
"$VECO","0.127996","13028004"
"$LNKD","0.360796","12108658"
"$SPY","-0.497481","6148018"
"$FB","0.443832","17025255"
"$GS","0.365292","710863854381563900"
"$AMRN","0.0357465","9346026"
"$SCTY","0.39918","719909604654624800"
"$SPY","-0.546137","719575574101016600"
"$LUV","0.0682693","709745040826966000"
"$TSLA","0.210993","719927267867103200"
"$BBRY","-0.210531","13552568"
"$WYNN","-0.416703","5466785"
"$GOOG","-0.123993","719945914270556200"
"$AAPL","0.124874","33296832"
"$IVZ","-0.446365","709779449663721500"
"$AAPL","-0.0330486","5703818"
"$LYB","0.324769","10041230"
"$AAPL","-0.186862","719574026134237200"
"$WTS","-0.429966","5679790"
"$TIBX","-0.33515","5801762"
"$HMC","0.397491","13415559"
"$GLUU","0.43588","22410112"
"$IPG","0.372411","719665168431456300"
"$F","-0.374629","708960045799759900"
"$STX","0.424714","719528591168565200"
"$GOOG","0.0705888","719599233280512000"
"$CYTR","0.0795368","28127317"
"$AMGN","0.314623","719549796994814000"
"$WGO&","-0.211345","8056516"
"$UNG","-0.146359","8168244"
"$AAPL","0.261003","710580416634171400"
"$TZA","0.330944","5350721"
"$NDX","0.35866","19869247"
"$CLF","0.374234","15208067"
"$ATVI","0.374381","719849703106551800"
"$FB","0.427144","710232348738986000"
"$AAPL","-0.323979","10932475"
"$AAPL","0.304566","9739175"
"$OPK","0.0953485","35161526"
"$HTZ","0.453166","709777793798656000"
"$BBRY","-0.365045","15479707"
"$ULTA","0.463313","719532032305573900"
"$AAPL","0.205084","36961143"
"$CFG","0.35024","719614954500857900"
"$ACOM","0.497919","5898485"
"$AMZN","0.328051","719540521576882200"
"$TRIP","0.0976182","719869785249460200"
"$VIAB","0.385617","719656300863299600"
"$ACRX","0.343201","24946705"
"$NFLX","0.166135","719545628985004000"
"$ISRG","0.0658285","711022398322008000"
"$DNKN","0.0530724","30800444"
"$GPRO","0.487769","35143213"
"$SBUX","0.0454528","719623898627616800"
"$IP","0.544731","5849433"
"$BBBY","0.255762","719503915591413800"
"$RXII","0.360538","27783065"
"$GOOG","-0.109951","710221245716021200"
"$AAPL","0.361725","709738392968364000"
"$ITC","0.355688","719950370294792200"
"$AAPL","-0.160607","719859934662365200"
"$ENB.CA","0.461951","35243913"
"$NFLX","0.396326","719530483898421200"
"$EK","-0.421804","5679790"
"$AAPL","0.263595","15256814"
"$BLUE","-0.374425","719652260322476000"
"$SDS","-0.231683","5481072"
"$FB","0.201871","719571578892206100"
"$TSLA","0.182113","709382760092160000"
"$EBAY","0.324033","719914922310643700"
"$TSLA","-0.317414","719519768349249500"
"$FB","0.147334","719612808913006600"
"$REGN","0.314239","709580205204099100"
"$FREE","0.368248","37400198"
"$AAL","0.41593","719547552874512400"
"$LNC","0.451419","708355634857529300"
"$ADBE","0.436617","710145820939706400"
"$XLU","0.273939","35596867"
"$RXII","0.273495","26722177"
"$TZA","0.322749","5670556"
"$CPIX","0.08899","38242955"
"$MU","0.219904","6190411"
"$PAL","-0.300671","36657723"
"$AAPL","-0.166752","8301393"
"$AMZN","-0.527539","33349961"
"$SPY","-0.289269","13998560"
"$CSCO","0.690387","710211237058093000"
"$XLE","-0.18156","37081094"
"$M","0.43623","719545488702177300"
"$AAPL","-0.499867","16084152"
"$SBUX","-0.260907","719869647907110900"
"$DHI","0.449766","708355634857529300"
"$FTI","0.492976","24943436"
"$AMGN","-0.448342","709779449663721500"
"$AAPL","-0.397504","7043040"
"$FB","0.237986","711720585143967700"
"$TZA","-0.330257","5359914"
"$AMZN","0.40832","719555610497273900"
"$SLW","0.074494","5514207"
"$IBM","0.32619","719905344957222900"
"$AAPL","0.140835","5853626"
"$INTU","-0.215163","719497506808328200"
"$QCOM","0.260285","7678713"
"$GE","0.504759","12248515"
"$INTC","0.443542","719891827529281500"
"$UVXY","0.257535","12319255"
"$SPY","0.116498","21130209"
"$FB","-0.251869","710060125063614500"
"$AAPL","-0.00666355","13134473"
"$GA","-0.433662","19388705"
"$NQ","0.231652","31143613"
"$WDC","0.52172","719544293606735900"
"$AAPL","-0.249344","9099325"
"$SWHC","0.503955","12248515"
"$DDD","-0.165733","21985811"
"$CTRP","0.456566","19639364"
"$AA","0.283685","21382309"
"$AREX","-0.409856","30827588"
"$TZA","0.0729522","5285681"
"$AAPL","0.294911","719884784672120800"
"$BIOC","0.337933","35898170"
"$OSUR","0.435446","14631536"
"$LNT","0.325052","5983670"
"$TWTR","0.574012","25816362"
"$TSLA","0.329967","719528411430051800"
"$CVX","-0.306685","709741154393133000"
"$SPY","0.0762824","5462494"
"$MCD","-0.192958","38960261"
"$AGU","0.337849","8658550"
"$ZYNE","-0.345288","709834259687710700"
"$MINE","0.184965","719536774821867500"
"$GPRO","-0.148193","30506310"
"$BIDU","0.0872546","719869800726544400"
"$NFLX","-0.182215","21272771"
"$RNN","0.38626","15852778"
"$MFA","-0.454876","719520125582504000"
"$SLV","-0.394257","14308451"
"$CSCO","-0.0346152","9430169"
"$ATRS","0.0321453","22514242"
"$OASM","0.268647","719609780000657400"
"$FB","-0.208071","8054825"
"$AAPL","-0.0562302","5426139"
"$F","-0.381892","5540055"
"$GPRO","0.32754","719540521576882200"
"$NFLX","0.354487","719847471036375000"
"$AAPL","-0.208982","8896901"
"$HLF","-0.318226","7867073"
"$XLU","0.48024","33983714"
"$AAPL","-0.280683","7817758"
"$FIX","-0.0115766","5684290"
"$QQQ","0.353399","29960476"
"$LNKD","0.0727869","5819749"
"$GOOGL","-0.235339","710060125063614500"
"$GOOGL","0.399199","719909604654624800"
"$NQ","0.249615","19135590"
"$HZNP","-0.0271641","8870370"
"$ARNA","-0.144233","8307465"
"$ENDP","-0.0258403","709818213618442200"
"$AMZN","-0.323534","10932475"
"$YHOO","0.420737","719571725420269600"
"$COMPQ","-0.562621","11781180"
"$ACET","-0.411822","719473167945732100"
"$MSFT","0.15994","719627739347755000"
"$NLSN","0.370894","719665168431456300"
"$PLUG","0.389057","34366754"
"$SU","0.301653","7800016"
"$ALK","0.616914","719904304207962100"
"$GOOGL","0.188811","710541213422776300"
"$JCP","-0.0640189","30800471"
"$DAL","0.615934","719904304207962100"
"$NFLX","0.231002","719535349379285000"
"$SBH","-0.324914","7867073"
"$AAPL","0.228883","719535349379285000"
"$YOKU","0.0879089","7820993"
"$BLUE","-0.419566","719530996681568300"
"$SPN","0.452605","12767826"
"$AAPL","-0.225328","13673151"
"$AAPL","-0.264385","710117230718148600"
"$FB","-0.193875","719596613874745300"
"$PLUG","-0.0169515","26491756"
"$APC","0.366359","719551394798268400"
"$TSLA","0.157063","711874109286711300"
"$AAPL","-0.157952","719607788364832800"
"$TSLA","0.00453935","719572485251973100"
"$CWEI","-0.532859","719699054645612500"
"$LF","0.368449","22409313"
"$FB","0.043202","8063870"
"$FB","0.252063","719683753916899300"
"$SLV","-0.388283","27018625"
"$MT","-0.101258","719872154641244200"
"$FIO","-0.237812","5359658"
"$ICLR","0.383424","710594321481801700"
"$QIHU","0.309929","17919593"
"$IBB","0.331721","711956003999211500"
"$EWH","0.210933","9182739"
"$SA","0.315007","719517217247735800"
"$CTRP","-0.532746","719699054645612500"
"$SPY","-0.20036","13946775"
"$FB","-0.151446","14898527"
"$P","0.0897825","17807004"
"$AMRN","0.27288","9655994"
"$STZ","0.39873","719909604654624800"
"$MCP","0.130199","14374679"
"$GOOGL","0.397365","719520383699824600"
"$TSLA","-0.306317","719572927562297300"
"$CTRP","0.394523","719559558494969900"
"$OASM","-0.535424","719699054645612500"
"$FB","0.0244194","719508490616762400"
"$AAPL","-0.170068","6132955"
"$JJSF","-0.175782","719627436447535100"
"$INVA","0.347392","719614954500857900"
"$JNUG","0.286459","30091485"
"$GOOG","0.289978","10698860"
"$TSLA","0.14873","35960005"
"$AMZN","0.218239","719884293732847600"
"$SGYP","-0.307923","38651699"
"$AMRN","0.182269","9456018"
"$FMCN","-0.330884","5934720"
"$CMG","0.367741","710863854381563900"
"$CSCO","0.424088","710541216698335200"
"$BDI","-0.518223","32381426"
"$NFLX","0.176374","719942280258322400"
"$SPY","0.151811","13895720"
"$EBAY","0.0831256","719607804538044400"
"$VOLC","0.339518","13116484"
"$GILD","0.494285","709948124849115100"
"$VRX","-0.511719","719585827374895100"
"$YHOO","0.0778381","15715060"
"$QQQ","-0.483393","719890047135281200"
"$GDX","0.607298","30403288"
"$BIDU","0.451628","19639364"
"$AAPL","0.187011","7678713"
"$TSLA","-0.281557","711188520115818500"
"$ANTH","0.295864","9564221"
"$PLUG","0.00170147","25735517"
"$YHOO","-0.140186","719551384249634800"
"$MRK","0.442118","719630671220777000"
"$MNST","-0.323152","7867073"
"$AAPL","0.306018","5576283"
"$AAPL","-0.31423","710511181027536900"
"$NSM","0.353029","9298895"
"$SPY","0.102863","26037247"
"$DVN","0.373905","711907079296933900"
"$TROW","0.499092","24228488"
"$SPX","-0.0916332","719493174167625700"
"$DANG","-0.252789","719680445550587900"
"$HRTX","-0.44771","709779449663721500"
"$ANPPF","0.184123","719536774821867500"
"$AAPL","-0.0598605","11041345"
"$FAST","-0.232986","719877375102570500"
"$AAPL","-0.0346378","710232349779300400"
"$AMZN","0.37936","719849703106551800"
"$MATW","0.232104","37516896"
"$AAPL","-0.174114","8108130"
"$SGYP","0.356816","38428783"
"$ASHR","0.451278","709777793798656000"
"$AMT","0.29782","6307787"
"$TXN","0.471513","29695868"
"$AMZN","0.368418","8412634"
"$TRIP","0.441637","709398151283793900"
"$SINA","-0.198336","6495505"
"$C","0.368133","710863854381563900"
"$TNA","0.338964","5350721"
"$SBUX","-0.00469709","719881403970818000"
"$CSX","0.346836","719862035396169700"
"$CTRP","0.262065","719530610193137700"
"$SPY","-0.0191627","32430292"
"$M","0.317467","710965451677827100"
"$AAPL","-0.0311512","15804408"
"$CYBX","0.134053","15526518"
"$ITF","0.497665","38895736"
"$FB","0.465514","719593062406598700"
"$VVUS","-0.517068","8701834"
"$GMCR","-0.0873883","5662488"
"$AKS","0.418234","31795627"
"$CAT","0.538919","6178538"
"$YHOO","0.0821038","6202274"
"$SDS","0.408372","7842859"
"$COWN","0.321171","39047416"
"$ACAD","0.230929","20249627"
"$WFM","0.21772","719584100227526700"
"$BBRY","0.385332","33172382"
"$ARIA","0.397747","11025416"
"$XHB","0.219146","5704419"
"$AMRN","0.275917","13560345"
"$JNK","-0.315851","6692038"
"$JD","0.322096","719781150554722300"
"$BHI","0.452923","12767826"
"$WYN","0.207939","719559500852662300"
"$TSLA","0.137824","708898404181475300"
"$KNDI","0.438525","34060864"
"$AAPL","0.251773","719549030892744700"
"$ARIA","0.337621","29580219"
"$AAPL","0.246172","6206304"
"$JBLU","0.152333","708351849796083700"
"$NLSN","-0.22626","719900573856829400"
"$VRX","0.419894","710857137585528800"
"$LIFE","0.184298","719536774821867500"
"$OIL","-0.407283","30827588"
"$GTAT","0.34427","26733780"
"$RIO","0.272657","719937548668256300"
"$CRUS","-0.204987","13084809"
"$AMZN","0.551031","719535506980266000"
"$AAPL","0.410434","10586814"
"$EFUT","0.491805","8065304"
"$YHOO","0.21457","708385672998989800"
"$STX","0.311852","709420584979927000"
"$YELP","0.37071","18365036"
"$SONC","0.260339","8596164"
"$FB","0.255074","719875775097348100"
"$SRPT","0.321382","18706410"
"$ILMN","0.372894","719523999282278400"
"$GE","0.266444","20312961"
"$T","0.684539","708399906990329900"
"$CHKP","0.399969","709893877566582800"
"$AL","0.101703","13523414"
"$FTI","0.455494","12767826"
"$SIRI","0.221783","719540465188675600"
"$V","0.350851","719612962013634600"
"$AMZN","0.361883","719533807897047000"
"$SMH","0.328393","7399381"
"$AMGN","0.17881","719545584995029000"
"$AMZN","-0.01904","710491410789752800"
"$GRPN","-0.245923","8067736"
"$NFLX","-0.138944","36925712"
"$NXPI","0.198705","719586430243090400"
"$TSE","0.0839197","710793306100228100"
"$BLUE","0.50609","719515579372077000"
"$WMT","0.550658","719535506980266000"
"$XLP","0.332493","13132243"
"$SPY","-0.294345","7853493"
"$GDX","0.00810394","32370562"
"$LAMR","-0.501358","16084152"
"$ECA","0.214927","19034611"
"$KCG","0.353869","10561783"
"$OKSB","0.399412","12134471"
"$NFLX","-0.318056","18526288"
"$HCP","0.117322","34332530"
"$FB","-0.0713089","719523139730993200"
"$TSLA","0.368501","719528176096030700"
"$WPRT","0.2181","10892920"
"$GLD","0.218484","8205873"
"$JCP","-0.21944","16915153"
"$AWAY","-0.0911869","8784472"
"$BAXS","-0.240631","21778536"
"$DIA","0.0909849","15249839"
"$ATVI","0.141475","719905644648632300"
"$NUE","0.584157","37312789"
"$GOOGL","0.206891","719602897479168000"
"$GILD","0.262962","32199482"
"$FB","-0.162485","719486879842902000"
"$ARIA","0.249458","20276674"
"$INFI","0.286453","719903541167464400"
"$SDRL","0.258121","710115038011465700"
"$SOX","0.358129","19869247"
"$UGAZ","-0.197361","31015066"
"$QQQ","0.353072","13279906"
"$ALXA","-0.18911","13451840"
"$JUNO","0.301394","719669537201725400"
"$ESRX","0.26273","719915781719347200"
"$ETRM","-0.114338","39047584"
"$CLF","0.0116066","35950566"
"$NUGT","-0.0893906","719493174167625700"
"$NVDQ","0.375592","15530874"
"$TSLA","-0.0543001","20795798"
"$TSLA","-0.416111","719672950044106800"
"$ATHX","0.196092","33674145"
"$SPY","-0.377685","5887305"
"$ISRG","0.42055","709019023921561600"
"$RNN","0.251914","21805951"
"$ICPT","-0.369377","719652260322476000"
"$T","0.424436","5509901"
"$PX","-0.207458","37476848"
"$RAD","0.300668","25145744"
"$TSPT","0.457834","5959915"
"$MDLZ","0.0426736","710554129844797400"
"$JKHY","0.421537","708381020765052900"
"$FB","0.435813","719564967972765700"
"$ORCL","0.500973","710496429974888400"
"$AAPL","-0.187377","719908259893616600"
"$JAZZ","0.394473","18405590"
"$ASTX","-0.490798","9369557"
"$WLL","0.277137","23526008"
"$SPY","-0.221375","709439542089158700"
"$TWTR","0.332846","25160682"
"$SINA","-0.36968","6929823"
"$AAPL","0.311632","711987709972127700"
"$PRGN","0.198484","28703227"
"$ET","-0.123585","11107935"
"$CHTR","-0.00105028","710110155216584700"
"$AAPL","-0.373928","32648097"
"$OUTR","0.228926","709731726726193200"
"$EBAY","0.0656304","719611920110776300"
"$GOOG","0.367868","710863854381563900"
"$RDEN","0.229005","21856695"
"$ASPS","-0.34672","709834259687710700"
"$CLF","0.368123","710863854381563900"
"$PPC","0.33225","32427089"
"$HTS","0.313808","719517217247735800"
"$VRX","-0.340728","709834259687710700"
"$BAMXY","0.0395436","719756644968763400"
"$SPY","-0.381971","8504139"
"$NFLX","0.271982","719501877843349500"
"$SCTY","0.291031","14024460"
"$HD","0.342653","710143603524427800"
"$REGN","0.31779","719549796994814000"
"$TEA","0.339028","10573348"
"$JNPR","-0.458045","719623868495728600"
"$AAPL","-0.0675902","25969840"
"$TNET","-0.355694","711745824884187100"
"$WX","-0.145901","39050045"
"$GOOGL","0.190253","719901932169527300"
"$FRO","0.334952","30919823"
"$WYNN","0.0859153","9756290"
"$AMZN","0.391197","709803667948318700"
"$AMBA","-0.0216746","38625785"
"$EBAY","-0.0968019","16669526"
"$SMH","0.38338","719581208120844300"
"$FB","0.229658","719528734299197400"
"$ORCL","0.0834994","719599233280512000"
"$V","-0.327073","719582524142403600"
"$FB","0.220516","719880627412148200"
"$FB","0.412015","709418142645137400"
"$GOOG","0.195129","719585625859428400"
"$AMZN","0.25284","16080172"
"$IBIO","0.0648281","35904055"
"$TSLA","0.0265486","719572200051880000"
"$UA","0.319617","719599977480253400"
"$AAPL","-0.189139","709439542089158700"
"$AAPL","-0.0241975","31099441"
"$BBRY","0.175983","24462309"
"$QLYS","0.0620509","34407013"
"$SCTY","0.339004","710127113127530500"
"$UGAZ","0.171341","32476166"
"$BIDU","0.35869","12108658"
"$HK","-0.0449603","10310716"
"$SYMC","0.0936003","709749425208320000"
"$CLWR","0.509115","12248515"
"$YELP","0.303115","22695238"
"$OCN","-0.0891739","31710623"
"$PKT","0.469432","6006891"
"$UGAZ","0.271705","30632010"
"$GLD","0.314789","17792845"
"$TZA","0.206171","12105568"
"$IGE","0.42514","719939196627116000"
"$JPM","0.320936","719599977480253400"
"$MGM","0.145261","708351849796083700"
"$AAPL","0.37691","5960438"
"$INTC","0.27064","719762401156034600"
"$YHOO","0.106541","719585607215808500"
"$AAPL","-0.257345","719691311943536600"
"$CMCSA","0.385348","708433303922204700"
"$STX","-0.00351384","13461331"
"$ISIS","0.138687","34779026"
"$AA","0.319685","719599977480253400"
"$ISR","0.487949","24061441"
"$TSLA","-0.0880823","711377964647129100"
"$PCLN","-0.261109","12824244"
"$TNA","0.163355","23774048"
"$AMZN","-0.0293203","5542818"
